{"total_flos":0,"_wandb":{"runtime":1761},"eval/steps_per_second":13.027,"train/global_step":10000,"train/loss":0.0021,"train_samples_per_second":5.806,"_runtime":1761.834884587,"train_loss":0.02457809600830078,"train/epoch":10000,"_timestamp":1.7402213659199357e+09,"_step":10002,"train/learning_rate":5e-05,"eval/loss":3.15625,"eval/samples_per_second":13.027,"eval/runtime":0.0768,"train_runtime":1722.3241,"icae_new":{"_latest_artifact_path":"wandb-client-artifact://jxpejwp4q7rep4401jq9f9eyh8c8896c209pr9zb9ome8n2z4pxf7rg3hdgs728163v5v40sd8uugq46hiz657zfk0fre0rt6d7v40r9038xqr32hqbm6avk8wjbp04n:latest/icae_new.table.json","path":"media/table/icae_new_10002_4846ce58c1691365cbdd.table.json","ncols":2,"nrows":2,"_type":"table-file","sha256":"4846ce58c1691365cbdd223a909ac47d5b77808111d2312605b4977fbf676048","size":3643,"artifact_path":"wandb-client-artifact://ir87dgh1je2ofu6ruv8kn5qd89zgkh2cklgbyu5k7bqsga4xsfzw2nc8zgom0sgeu4xnqneuub1xd55dm7tbb66ftkt8a9jqtlwoeqhs979x38jt4st44b22ogbl2sy1/icae_new.table.json"},"train_steps_per_second":5.806,"train/grad_norm":0.007092321291565895}