{"train/epoch":5000,"train/loss":0.1055,"table":{"nrows":1,"_type":"table-file","sha256":"9e29309fe30b2498ec2b5d95724856d935b8e5041280cdc23327a7224c7e4b74","size":4099,"artifact_path":"wandb-client-artifact://ghsxhpnj74d5197ph2w1871id2fikbt5099vz2mgfo2wybjb273ehzyh2j0ajc504hytg0hi7adj8bcbb5ha2fjaxy8esuuo3h3wdmadwe78sjch4yb1radwyvngmmw6/table.table.json","_latest_artifact_path":"wandb-client-artifact://uov4d70e8ep0t4ncrepet72ztlbw5u86fgbn4u241eb0blguqki3yma254tinq4brkfhp0d7ugzd4i3uca7i5vpsf9c1pmt6vwgpq12an884xsxkw5r10eabsnstq6b9:latest/table.table.json","path":"media/table/table_5002_9e29309fe30b2498ec2b.table.json","ncols":2},"_step":5002,"train_loss":0.19638642578125,"eval/samples_per_second":11.095,"train_runtime":1159.9796,"_wandb":{"runtime":1198},"eval/loss":2.75,"_runtime":1198.773268695,"_timestamp":1.7400450238988078e+09,"total_flos":0,"train_samples_per_second":4.31,"train/learning_rate":0,"eval/steps_per_second":11.095,"eval/runtime":0.0901,"train/global_step":5000,"train_steps_per_second":4.31,"train/grad_norm":0.39336177706718445}