{"eval/runtime":0.0904,"train/learning_rate":0,"_runtime":1179.063436313,"train/epoch":5000,"train_samples_per_second":4.387,"eval/samples_per_second":11.059,"train_runtime":1139.8048,"_wandb":{"runtime":1179},"train/grad_norm":0.1670427769422531,"train_loss":0.0769075927734375,"train_steps_per_second":4.387,"eval/steps_per_second":11.059,"train/global_step":5000,"total_flos":0,"train/loss":0.0291,"table":{"_type":"table-file","sha256":"59632509c7e4ba988bd373a7a52aa8660a63913534d420c08bf1e23cfa0a5cbc","size":1705,"artifact_path":"wandb-client-artifact://t68h7l39g3u9q3eox9rs22ll8b8zl4a1v0jujfyrmfu84zbqnhpbyeo8nm56ifzsazfyykvs1sc6461dyxcrxyhklx8scla7x0x9p0xqay166p7odkdv0wliswqjmje0/table.table.json","_latest_artifact_path":"wandb-client-artifact://tyz57q8i7azepknfslvinm1lr4aoyd2t8gjjd79pbqzeg0yeshd0s4o7etzll5akpbs94ohha2243tdnn9w5q1yigcqwyfx7v418ybwdz71ell6ax40ln987h89ocpzo:latest/table.table.json","path":"media/table/table_5002_59632509c7e4ba988bd3.table.json","ncols":2,"nrows":1},"_timestamp":1.740029330876686e+09,"eval/loss":2.453125,"_step":5002}