{"train/grad_norm":20.19700050354004,"total_flos":0,"train_steps_per_second":5.807,"eval/samples_per_second":14.019,"train/epoch":5000,"train_loss":0.0607030517578125,"_step":5002,"train/loss":0.2617,"_runtime":899.288143199,"_wandb":{"runtime":899},"_timestamp":1.7402193831236157e+09,"train/learning_rate":5e-05,"eval/loss":3.015625,"train_samples_per_second":5.807,"eval/runtime":0.0713,"train_runtime":860.9791,"eval/steps_per_second":14.019,"train/global_step":5000,"icae_new":{"ncols":2,"nrows":2,"_type":"table-file","sha256":"35f2b9532fb99afc5c5cbf007a076a830840dee83d5e8df62d60282d36d8b6bd","size":4801,"artifact_path":"wandb-client-artifact://wg56bqmlvu29mvt22li00hnq1pghocgw4725161whd33wjhis1c8yfr2edrqo3tq2x9ejfi4lzlpu543cm3t2vang577h6mpfrrxogcuvks51891639hlm9tnzkyp0iw/icae_new.table.json","_latest_artifact_path":"wandb-client-artifact://v0q14iymplayzarh0iycgk8ryvow8m6oxk285bs7elug5z3yu230p4btz99rk36j1mb4d091fy4mxed3apq8bk7a9xkk7f95gdx6l0otw6lx53o7ew6ydnptajao30h5:latest/icae_new.table.json","path":"media/table/icae_new_5002_35f2b9532fb99afc5c5c.table.json"}}